config,task_name,success_rate,avg_return,std_return,avg_episode_length,std_episode_length,avg_first_success_step,median_first_success_step,episodes
base,button-press-v3,1.0,64.17457050418552,5.7581911745313015,37.38666666666666,1.6752643346225748,37.38666666666666,37.0,300
base,push-v3,0.9733333333333334,159.32385438199543,295.18006858624307,50.66,74.60296962536462,38.34931506849315,38.0,300
careful,button-press-v3,1.0,58.884171868516304,7.428188402017898,37.39333333333333,1.4897494420952022,37.39333333333333,37.0,300
careful,push-v3,0.98,207.74860105387373,506.22759954855496,47.53333333333333,65.01655736292598,38.29931972789116,37.0,300
explore,button-press-v3,1.0,75.02956611710111,6.4574141079709735,37.92,2.1312141090456675,37.92,38.0,300
explore,push-v3,0.56,1148.2575587714625,1227.4513477994205,270.43333333333334,211.32233511854687,90.05952380952381,70.0,300
