config,task_name,success_rate,avg_return,std_return,avg_episode_length,std_episode_length,avg_first_success_step,median_first_success_step,episodes
base,button-press-v3,1.0,4377.957655693707,51.100158509371035,500.0,0.0,37.66,38.0,250
base,push-v3,0.916,4229.004049289406,1244.5464266100994,500.0,0.0,49.082969432314414,43.0,250
careful,button-press-v3,1.0,4348.215786880139,94.33357329248355,500.0,0.0,37.584,38.0,250
careful,push-v3,0.964,4353.566265601818,1015.3476308042551,500.0,0.0,51.58091286307054,42.0,250
explore,button-press-v3,1.0,4469.553665413197,69.56163396857256,500.0,0.0,38.608,39.0,250
explore,push-v3,0.54,2042.1067817345213,1386.9128827739441,500.0,0.0,148.67407407407407,108.0,250
