config,task_name,success_rate,avg_return,std_return,avg_episode_length,std_episode_length,avg_first_success_step,median_first_success_step,episodes
careful,pick-place-v3,1.0,59.42029640720404,19.50115972043035,41.413333333333334,5.471955458886307,41.413333333333334,41.0,300
careful,push-v3,0.9933333333333333,163.96730942428277,43.79517796842257,42.00666666666667,38.164841665509385,38.93288590604027,38.0,300
