config,task_name,success_rate,avg_return,std_return,avg_episode_length,std_episode_length,avg_first_success_step,median_first_success_step,episodes
base,basketball-v3,0.96,3632.3960140306863,1659.094981439,500.0,0.0,55.3125,54.0,50
base,pick-place-v3,1.0,4554.925679277102,409.5835440010876,500.0,0.0,49.88,43.0,50
careful,basketball-v3,1.0,4573.853441851944,10.001514680462305,500.0,0.0,54.98,54.0,50
careful,pick-place-v3,1.0,4617.359016033641,127.59043408623667,500.0,0.0,42.22,41.0,50
explore,basketball-v3,0.9,1787.8143974202271,1890.0329144373004,500.0,0.0,68.11111111111111,62.0,50
explore,pick-place-v3,1.0,4125.376604978026,1016.149159351025,500.0,0.0,42.1,42.0,50
