config_name,group,mean_success_rate,std_success_rate,mean_return,std_return_across_runs,mean_first_success_step,std_first_success_step,runs,total_episodes
base_push,test,0.9333333333333332,0.11547005383792512,293.72888696113944,237.98604152618128,40.36666666666667,3.8811510320178666,3,75
base_push,train,0.837037037037037,0.10961961916258324,262.1448631822222,32.815714268262276,49.931504065040656,1.8048179304973406,3,135
careful_push,test,1.0,0.0,158.05108808064566,7.824745189568627,36.53333333333333,1.5534906930308061,3,75
careful_push,train,0.9851851851851853,0.012830005981991684,174.92051943558988,3.476969674633423,38.084006734006735,0.19505043530417782,3,135
short_rollout_push,test,0.5333333333333333,0.23094010767585035,172.28753470999686,57.80954376645832,55.5,14.798648586948742,3,75
short_rollout_push,train,0.4740740740740741,0.012830005981991646,470.76780140164396,485.92156377544933,77.33982683982684,11.392743386155221,3,135
