config,pick-place-v3,push-v3
base,1.0,0.9733333333333334
careful,1.0,1.0
explore,0.9466666666666667,0.96
