config,timesteps_label,task_name,success_rate,avg_return,std_return,avg_episode_length,std_episode_length,avg_first_success_step,median_first_success_step,episodes
base,15M,basketball-v3,0.0,23.35506439025838,8.022341283313086,500.0,0.0,,,300
base,15M,button-press-v3,1.0,60.85300218008047,6.922872420773743,37.126666666666665,1.7360881975448144,37.126666666666665,37.0,300
base,15M,pick-place-v3,0.0,4.284047363782071,2.4124719242797767,500.0,0.0,,,300
careful,15M,basketball-v3,0.0,16.139414873949992,8.074898987646355,500.0,0.0,,,300
careful,15M,button-press-v3,1.0,64.4748172976364,10.083915344345584,37.586666666666666,2.4595365326432757,37.586666666666666,37.0,300
careful,15M,pick-place-v3,0.0,3.5938391221509582,1.0875946247722759,500.0,0.0,,,300
explore,15M,basketball-v3,0.0,16.220408922023292,49.96495043224911,500.0,0.0,,,300
explore,15M,button-press-v3,1.0,64.96721310748602,10.284006452802688,38.00666666666667,2.011660545267726,38.00666666666667,38.0,300
explore,15M,pick-place-v3,0.0,7.482025531443821,0.6276336140432509,500.0,0.0,,,300
