config,task_name,eval_seed,success_rate,avg_return,avg_episode_length,avg_first_success_step,episodes
careful,basketball-v3,1000,1.0,123.37049309253285,54.0,54.0,100
careful,basketball-v3,2000,1.0,121.10114977344566,53.46,53.46,100
careful,basketball-v3,3000,1.0,121.94666697989248,53.94,53.94,100
careful,pick-place-v3,1000,1.0,61.17070987126899,42.3,42.3,100
careful,pick-place-v3,2000,1.0,64.73370893930543,43.02,43.02,100
careful,pick-place-v3,3000,1.0,68.5330843849731,44.26,44.26,100
