config,task_name,success_rate,avg_return,std_return,avg_episode_length,std_episode_length,avg_first_success_step,median_first_success_step,episodes
careful,basketball-v3,1.0,122.13943661529032,11.757968386418936,53.8,2.088349590796026,53.8,53.0,300
careful,pick-place-v3,1.0,64.8125010651825,17.52633884543,43.193333333333335,4.60143451046183,43.193333333333335,44.0,300
