config,task_name,success_rate,avg_return,std_return,avg_episode_length,std_episode_length,avg_first_success_step,median_first_success_step,episodes
careful,button-press-v3,1.0,58.69730952611222,9.355787284596138,37.68666666666667,1.959921733017435,37.68666666666667,38.0,300
careful,push-v3,0.02666666666666667,507.9137687793955,698.7096419683272,492.47333333333336,46.357011666604954,217.75,224.0,300
