config,timesteps_label,task_name,success_rate,avg_return,std_return,avg_episode_length,std_episode_length,avg_first_success_step,median_first_success_step,episodes
base,15M,basketball-v3,0.0,2.1962386323434284,0.7566535616347152,500.0,0.0,,,300
base,15M,button-press-v3,1.0,59.403866961194765,7.056701059676855,37.906666666666666,1.9366096868374725,37.906666666666666,38.0,300
base,15M,push-v3,0.7466666666666667,130.62618012030828,62.02351855783304,156.85333333333332,201.2059091623014,40.42857142857143,35.0,300
careful,15M,basketball-v3,0.0,2.617597642453888,0.4696115543194609,500.0,0.0,,,300
careful,15M,button-press-v3,1.0,62.41820666282075,5.431720831207611,37.22666666666667,1.6157529972273155,37.22666666666667,37.0,300
careful,15M,push-v3,1.0,129.58828043567473,28.574741362661204,36.54666666666667,3.919911722892898,36.54666666666667,36.0,300
explore,15M,basketball-v3,0.0,35.136675409369474,2.769749208258052,500.0,0.0,,,300
explore,15M,button-press-v3,1.0,58.337502242212636,6.430622290528846,37.10666666666667,1.7886549445297877,37.10666666666667,37.0,300
explore,15M,push-v3,0.0,25.867495380600477,0.42722042526230053,500.0,0.0,,,300
