config,timesteps_label,task_name,success_rate,avg_return,std_return,avg_episode_length,std_episode_length,avg_first_success_step,median_first_success_step,episodes
base,15M,button-press-v3,1.0,53.19555444700818,7.71139289142211,36.62,1.6302737936127383,36.62,36.0,300
base,15M,pick-place-v3,0.0,4.251095730455203,1.0777342180054166,500.0,0.0,,,300
base,15M,push-v3,0.9066666666666666,136.88388208810727,54.28124281136474,82.14666666666666,134.7835319708011,39.13235294117647,37.0,300
careful,15M,button-press-v3,1.0,61.74662774067299,5.482865621253181,37.233333333333334,1.6333344709117137,37.233333333333334,37.0,300
careful,15M,pick-place-v3,0.0,2.6072704690971045,0.6166513119387385,500.0,0.0,,,300
careful,15M,push-v3,0.9933333333333333,133.93909671034012,30.345151248290588,40.27333333333333,38.027959554981024,37.18791946308725,37.0,300
explore,15M,button-press-v3,1.0,55.674058011657735,8.923622898665338,36.96,1.7421779319255242,36.96,37.0,300
explore,15M,pick-place-v3,0.0,3.8304554016068977,0.6354974485830015,500.0,0.0,,,300
explore,15M,push-v3,0.8866666666666667,167.05547241270898,84.76123147922003,115.15333333333334,150.32374145948074,65.9624060150376,45.0,300
