config,task_name,success_rate,avg_return,std_return,avg_episode_length,std_episode_length,avg_first_success_step,median_first_success_step,episodes
base,pick-place-v3,1.0,61.428948053192315,18.65575733613412,40.11333333333334,4.797625759893693,40.11333333333334,40.0,300
base,push-v3,0.9733333333333334,153.97031671244386,99.6771231162111,55.88,82.3428609889943,43.71232876712329,38.0,300
careful,pick-place-v3,1.0,57.83222577646024,18.537162746457334,42.44,5.596797937856132,42.44,42.0,300
careful,push-v3,1.0,128.81737677204958,25.394140247447538,35.906666666666666,4.138645128608805,35.906666666666666,35.5,300
explore,pick-place-v3,0.9466666666666667,53.49783535971125,23.419147924596622,66.61333333333333,103.16326552315134,42.19718309859155,42.0,300
explore,push-v3,0.96,138.5182578204277,38.49701852791409,59.473333333333336,93.36207767279052,41.11805555555556,39.0,300
